,LogR,RF,MLP,SVC
0,1.0,1.0,0.9655172413793104,1.0
1,1.0,1.0,1.0,1.0
2,1.0,1.0,1.0,0.9655172413793104
3,1.0,1.0,0.9655172413793104,0.9655172413793104
4,0.9655172413793104,0.9655172413793104,0.896551724137931,0.9655172413793104
5,1.0,1.0,0.896551724137931,0.9655172413793104
6,1.0,1.0,1.0,1.0
7,1.0,1.0,0.9310344827586207,1.0
8,1.0,1.0,0.9655172413793104,1.0
9,0.9655172413793104,1.0,0.896551724137931,0.9655172413793104
